<?xml version="1.0" encoding="UTF-8" standalone="yes"?>
<addon id="repository.amazon"
       name="TheAmazon"
       version="22.5.2"
       provider-name="arabiflix">
    <extension point="xbmc.addon.repository" name="TheAmazon Repository">
        <dir minversion="18.9.0"><!--LoonaticsAsylum MATRIX-->
            <info compressed="false">https://raw.githubusercontent.com/arabiflix/repository.amazon/master/addons.xml</info>
            <checksum>https://raw.githubusercontent.com/arabiflix/repository.amazon/master/addons.xml.md5</checksum>
            <datadir zip="true">https://raw.githubusercontent.com/arabiflix/repository.amazon/master/</datadir>
        </dir>
        <dir><!--ResolveUrl-->
            <info compressed="false">https://raw.githubusercontent.com/Gujal00/smrzips/master/addons.xml</info>
            <checksum>https://raw.githubusercontent.com/Gujal00/smrzips/master/addons.xml.md5</checksum>
            <datadir zip="true">https://raw.githubusercontent.com/Gujal00/smrzips/master/zips/</datadir>
        </dir>
    </extension>
    <extension point="xbmc.addon.metadata">
        <summary>Testing and Learning stuff</summary>
        <description>arabiflix repo</description>
        <platform>all</platform>
    <assets>
        <icon>icon.png</icon>
        <fanart>fanart.jpg</fanart>
    </assets>
    </extension>
</addon>