<?xml version="1.0" encoding="UTF-8" standalone="yes"?>
<addon id="repository.amazon"
       name="TheAmazon"
       version="2.6"
       provider-name="Arabiflix">
    <extension point="xbmc.addon.repository" name="TheAmazon Repository">
        <dir minversion="18.0" maxversion="18.9.0"><!--Arabiflix LEIA-->
            <info compressed="false">https://raw.githubusercontent.com/arabiflix/repository.amazon/master/leia/addons.xml</info>
            <checksum>https://raw.githubusercontent.com/arabiflix/repository.amazon/master/leia/addons.xml.md5</checksum>
            <datadir zip="true">https://raw.githubusercontent.com/arabiflix/repository.amazon/master/leia/</datadir>
        </dir>
        <dir minversion="18.9.0"><!--Arabiflix MATRIX-->
            <info compressed="false">https://raw.githubusercontent.com/arabiflix/repository.amazon/master/matrix/addons.xml</info>
            <checksum>https://raw.githubusercontent.com/arabiflix/repository.amazon/master/matrix/addons.xml.md5</checksum>
            <datadir zip="true">https://raw.githubusercontent.com/arabiflix/repository.amazon/master/matrix/</datadir>
        </dir>
        <dir><!--ResolveUrl-->
            <info compressed="false">https://raw.githubusercontent.com/Gujal00/smrzips/master/addons.xml</info>
            <checksum>https://raw.githubusercontent.com/Gujal00/smrzips/master/addons.xml.md5</checksum>
            <datadir zip="true">https://raw.githubusercontent.com/Gujal00/smrzips/master/zips/</datadir>
        </dir>
    </extension>
    <extension point="xbmc.addon.metadata">
        <summary>TheAmazon Repository</summary>
        <description>arabiflix repo</description>
        <platform>all</platform>
    <assets>
        <icon>icon.png</icon>
        <fanart>fanart.jpg</fanart>
    </assets>
    </extension>
</addon>